0,0,68,13
1,0,591,2
2,0,117,17
3,0,251,2
4,0,29,9
5,0,452,10
6,1,26,6
7,1,144,16
8,1,562,6
9,1,480,19
10,1,598,17
11,2,145,10
12,2,408,5
13,2,219,8
14,2,140,12
15,2,150,14
16,2,437,10
17,3,161,12
18,3,34,15
19,3,61,3
20,3,353,18
21,3,504,10
22,3,499,7
23,4,40,10
24,4,567,7
25,4,336,12
26,4,132,16
27,4,209,11
28,5,435,4
29,5,474,16
30,5,562,5
31,5,588,2
32,5,164,19
33,5,440,8
34,5,355,6
35,6,430,18
36,6,216,14
37,6,177,12
38,6,374,9
39,7,598,3
40,7,564,13
41,7,137,18
42,7,175,15
43,7,119,11
44,7,43,9
45,7,585,18
46,7,240,9
47,8,103,3
48,8,62,3
49,8,241,12
50,8,153,2
51,8,288,8
52,9,359,17
53,9,400,7
54,9,304,17
55,9,588,2
56,9,489,10
57,9,18,8
58,9,28,12
59,9,320,19
60,10,112,18
61,10,386,16
62,10,426,4
63,10,33,17
64,10,447,12
65,10,125,19
66,10,138,16
67,11,106,3
68,11,440,15
69,11,394,6
70,11,111,6
71,11,327,12
72,11,465,4
73,11,220,8
74,11,297,14
75,12,447,19
76,12,587,2
77,12,552,5
78,12,403,8
79,13,173,17
80,13,250,17
81,13,136,16
82,13,528,16
83,13,584,11
84,13,513,5
85,13,441,15
86,15,183,9
87,15,309,16
88,15,21,15
89,15,187,9
90,15,465,19
91,16,476,20
92,16,110,18
93,16,477,20
94,16,450,4
95,16,264,16
96,16,166,8
97,17,1,4
98,17,544,3
99,17,477,15
100,17,448,8
101,17,211,17
102,18,207,19
103,18,357,16
104,18,225,20
105,18,316,1
106,18,22,10
107,18,283,6
108,18,534,3
109,18,427,2
110,19,97,17
111,19,275,13
112,19,434,13
113,19,48,7
114,19,477,1
115,19,574,7
116,19,16,3
117,20,574,9
118,20,403,16
119,20,566,8
120,20,324,14
121,20,50,2
122,20,586,10
123,21,273,6
124,21,507,17
125,21,224,7
126,21,543,8
127,21,141,2
128,21,370,19
129,21,476,19
130,22,247,6
131,22,389,16
132,22,263,16
133,22,285,4
134,22,565,17
135,22,552,17
136,22,10,20
137,23,316,20
138,23,169,20
139,23,134,4
140,23,197,17
141,23,538,20
142,24,277,12
143,24,367,2
144,24,449,13
145,24,11,2
146,24,204,8
147,24,292,15
148,24,584,7
149,24,160,6
150,25,256,3
151,25,388,19
152,25,90,12
153,25,539,13
154,26,474,16
155,27,529,1
156,27,486,8
157,27,155,17
158,27,318,15
159,27,74,15
160,27,285,2
161,28,64,4
162,28,475,14
163,28,421,19
164,28,406,5
165,28,459,6
166,29,551,9
167,29,3,6
168,29,152,4
169,29,128,14
170,29,52,4
171,29,115,17
172,30,568,20
173,30,320,19
174,31,400,10
175,31,200,16
176,31,27,7
177,31,71,13
178,31,549,17
179,31,224,7
180,32,278,5
181,32,82,8
182,32,37,4
183,32,150,8
184,32,375,16
185,33,43,15
186,33,366,14
187,33,204,13
188,33,181,4
189,33,564,2
190,34,111,7
191,34,103,20
192,34,320,12
193,34,366,18
194,34,51,2
195,34,160,12
196,35,514,5
197,35,296,1
198,35,230,17
199,35,277,8
200,35,36,4
201,36,144,11
202,36,541,13
203,36,453,12
204,36,559,12
205,37,312,15
206,37,183,1
207,37,88,12
208,37,330,18
209,38,325,20
210,38,571,9
211,38,386,10
212,38,436,13
213,38,581,17
214,38,44,8
215,38,405,7
216,39,78,18
217,39,573,15
218,39,211,7
219,39,403,6
220,39,487,12
221,39,191,10
222,39,111,15
223,40,306,12
224,40,322,1
225,40,258,1
226,40,583,19
227,40,460,15
228,41,414,9
229,41,556,20
230,41,424,6
231,41,99,18
232,41,422,1
233,41,358,6
234,41,262,15
235,41,541,19
236,42,342,9
237,42,424,20
238,42,400,10
239,42,128,10
240,42,8,11
241,43,504,2
242,43,329,12
243,43,579,2
244,43,41,18
245,43,67,3
246,43,568,4
247,44,457,9
248,44,458,10
249,44,378,7
250,44,143,20
251,44,73,7
252,45,452,19
253,45,288,13
254,45,99,3
255,45,25,16
256,45,492,10
257,45,214,11
258,45,584,20
259,45,235,16
260,46,165,9
261,46,391,20
262,46,270,13
263,46,417,9
264,46,345,10
265,46,460,20
266,46,438,11
267,47,168,13
268,47,525,18
269,47,157,7
270,47,518,1
271,47,537,9
272,48,366,8
273,48,103,11
274,48,371,5
275,48,185,5
276,48,0,1
277,48,421,20
278,48,462,6
279,49,412,1
280,49,241,9
281,49,580,12
282,49,553,9
283,49,509,14
284,49,90,8
285,49,387,12
286,50,247,3
287,50,405,15
288,50,452,18
289,50,512,10
290,50,566,18
291,50,569,19
292,50,44,16
293,51,252,3
294,51,428,20
295,51,279,4
296,51,395,19
297,51,598,17
298,52,283,1
299,52,510,13
300,52,491,4
301,52,100,18
302,52,567,3
303,52,1,5
304,52,162,11
305,52,468,5
306,53,66,9
307,53,293,12
308,53,414,14
309,53,275,15
310,53,586,8
311,53,464,16
312,54,213,6
313,54,136,13
314,54,310,13
315,54,76,1
316,54,565,4
317,54,580,17
318,55,264,2
319,55,576,1
320,55,227,9
321,55,44,7
322,55,322,17
323,55,197,12
324,55,480,16
325,56,327,3
326,56,558,1
327,56,579,7
328,56,319,5
329,56,30,12
330,57,169,20
331,57,318,8
332,57,512,3
333,58,597,11
334,58,10,10
335,58,449,11
336,58,477,16
337,58,501,10
338,59,222,15
339,59,360,8
340,59,160,17
341,59,588,12
342,59,1,16
343,59,140,1
344,60,590,1
345,60,172,15
346,60,317,12
347,60,537,13
348,60,146,7
349,60,102,10
350,60,357,18
351,61,326,7
352,61,14,19
353,61,83,1
354,61,481,8
355,61,190,2
356,61,492,19
357,61,364,3
358,61,158,6
359,62,285,15
360,62,218,7
361,62,10,6
362,62,577,9
363,62,527,7
364,62,382,19
365,62,10,13
366,63,594,4
367,63,556,10
368,63,521,5
369,64,224,15
370,64,62,20
371,64,557,19
372,64,244,6
373,64,513,4
374,65,269,20
375,65,474,20
376,65,409,11
377,65,451,6
378,65,195,15
379,65,385,19
380,66,440,16
381,66,538,2
382,66,189,18
383,66,264,16
384,66,370,13
385,67,330,5
386,67,336,15
387,67,298,7
388,67,242,14
389,67,360,18
390,67,309,13
391,67,439,11
392,67,588,1
393,68,455,2
394,68,538,3
395,70,438,12
396,70,544,7
397,70,476,16
398,70,581,15
399,70,403,18
400,70,71,8
401,70,300,19
402,70,356,3
403,71,88,18
404,71,125,12
405,71,493,5
406,71,90,14
407,71,256,6
408,72,491,14
409,72,313,10
410,72,301,1
411,72,412,17
412,73,133,5
413,73,236,1
414,73,515,2
415,73,53,17
416,73,60,6
417,73,273,11
418,73,7,15
419,74,105,10
420,74,302,12
421,74,153,14
422,74,103,5
423,74,260,4
424,75,486,11
425,75,399,2
426,75,267,7
427,75,364,16
428,76,325,16
429,76,71,20
430,76,537,1
431,76,226,12
432,76,594,20
433,76,196,7
434,77,63,9
435,77,318,17
436,77,496,12
437,77,118,1
438,77,312,16
439,77,191,7
440,77,479,8
441,77,202,10
442,78,172,3
443,78,377,4
444,78,396,4
445,78,244,8
446,78,475,14
447,78,8,9
448,78,471,18
449,79,483,2
450,79,198,8
451,80,373,6
452,80,72,11
453,80,130,11
454,80,105,5
455,80,196,17
456,80,296,18
457,80,444,4
458,81,548,12
459,81,48,15
460,81,308,19
461,81,260,14
462,81,52,4
463,81,3,11
464,81,437,18
465,81,217,11
466,82,80,13
467,82,365,8
468,83,511,2
469,83,278,19
470,83,462,13
471,83,557,17
472,83,469,1
473,84,429,6
474,84,66,1
475,84,231,8
476,84,375,10
477,84,70,1
478,84,366,2
479,84,308,16
480,85,332,18
481,85,320,19
482,85,287,17
483,85,146,16
484,85,517,17
485,85,408,3
486,85,322,15
487,86,227,2
488,86,242,13
489,86,495,8
490,86,356,15
491,86,592,5
492,86,439,17
493,86,363,16
494,87,34,18
495,87,523,12
496,87,330,16
497,88,73,6
498,88,296,4
499,88,359,18
500,88,409,13
501,88,190,3
502,89,502,4
503,89,595,3
504,89,254,19
505,89,392,12
506,89,450,2
507,90,393,8
508,90,260,14
509,90,89,10
510,90,508,14
511,90,92,19
512,91,30,9
513,91,472,18
514,91,324,14
515,91,476,8
516,92,149,19
517,92,458,16
518,92,371,2
519,92,436,4
520,92,199,20
521,92,539,15
522,92,598,3
523,93,545,17
524,93,339,17
525,93,77,12
526,93,546,1
527,93,416,6
528,93,28,8
529,93,140,1
530,94,568,5
531,94,178,9
532,94,82,15
533,94,530,13
534,94,18,15
535,94,314,14
536,94,592,12
537,95,142,6
538,95,84,3
539,95,258,6
540,95,325,6
541,95,370,18
542,95,308,11
543,96,18,10
544,96,150,15
545,96,19,6
546,96,370,9
547,96,553,6
548,96,208,17
549,96,477,8
550,96,149,17
551,97,490,3
552,97,181,20
553,97,95,9
554,97,571,1
555,97,252,9
556,97,247,5
557,97,90,1
558,98,280,3
559,98,590,1
560,98,123,1
561,98,476,20
562,98,34,5
563,99,75,11
564,99,457,2
565,99,154,5
566,99,209,9
567,99,405,4
568,99,241,12
569,100,13,4
570,100,206,15
571,100,36,17
572,100,143,16
573,100,291,4
574,101,110,15
575,101,432,7
576,101,92,12
577,101,214,16
578,101,476,19
579,102,591,18
580,102,392,2
581,102,533,1
582,102,26,2
583,102,514,1
584,102,463,4
585,102,473,2
586,102,515,5
587,103,170,8
588,103,60,14
589,104,434,11
590,104,176,6
591,104,435,14
592,104,500,16
593,104,384,2
594,104,341,20
595,104,582,14
596,104,515,15
597,106,410,3
598,106,128,10
599,106,183,12
600,106,531,17
601,106,34,12
602,106,396,3
603,106,422,12
604,107,341,13
605,107,269,15
606,107,36,3
607,107,80,4
608,107,254,13
609,107,472,20
610,107,529,6
611,107,201,16
612,108,521,20
613,108,198,10
614,108,493,4
615,108,208,12
616,108,595,16
617,108,427,13
618,108,140,14
619,109,94,9
620,109,417,12
621,109,111,6
622,110,406,4
623,110,524,12
624,110,314,20
625,110,585,12
626,110,460,8
627,111,38,12
628,111,559,18
629,111,461,4
630,111,178,9
631,111,209,15
632,112,396,17
633,112,218,12
634,112,301,14
635,113,452,1
636,113,252,5
637,113,305,16
638,113,125,19
639,113,38,5
640,113,595,13
641,113,189,9
642,114,369,18
643,114,242,8
644,114,18,5
645,114,87,11
646,114,68,7
647,115,38,20
648,115,14,8
649,115,446,19
650,115,595,20
651,115,299,6
652,115,339,11
653,115,352,2
654,116,112,12
655,116,359,20
656,116,44,13
657,116,591,10
658,116,583,12
659,116,445,15
660,116,59,14
661,117,152,7
662,117,122,16
663,117,9,20
664,117,281,11
665,117,372,12
666,117,306,5
667,117,262,10
668,117,22,7
669,118,114,12
670,118,558,15
671,118,176,17
672,118,239,16
673,118,531,8
674,118,578,2
675,119,308,14
676,119,493,18
677,119,132,1
678,119,270,19
679,119,221,16
680,120,119,13
681,120,435,11
682,120,373,20
683,120,23,9
684,121,190,19
685,121,307,12
686,121,195,18
687,121,27,17
688,121,155,19
689,122,325,15
690,122,565,14
691,122,573,9
692,122,82,1
693,122,285,16
694,122,174,10
695,122,546,16
696,122,88,15
697,123,561,14
698,123,530,19
699,123,134,20
700,123,20,9
701,123,165,8
702,123,118,20
703,124,503,4
704,124,30,3
705,124,181,9
706,124,135,11
707,124,569,1
708,124,121,3
709,124,236,2
710,125,222,11
711,125,551,4
712,125,433,18
713,125,234,6
714,125,390,14
715,125,191,11
716,126,380,7
717,126,480,10
718,126,523,9
719,126,233,20
720,126,320,19
721,126,200,4
722,126,250,3
723,127,196,7
724,127,124,9
725,127,223,3
726,127,210,7
727,127,358,14
728,128,427,6
729,128,569,16
730,128,433,13
731,128,363,8
732,129,473,13
733,129,114,2
734,129,156,20
735,129,188,11
736,129,39,12
737,129,406,11
738,130,178,13
739,130,180,7
740,130,490,3
741,130,139,12
742,130,289,1
743,131,470,16
744,131,347,3
745,131,390,16
746,131,330,9
747,131,489,12
748,131,42,12
749,131,529,18
750,132,59,3
751,132,478,4
752,132,354,4
753,132,376,16
754,132,322,18
755,132,253,5
756,133,506,15
757,133,123,16
758,133,458,15
759,133,148,2
760,133,443,11
761,133,312,18
762,134,393,10
763,134,526,16
764,134,293,4
765,134,511,20
766,135,39,20
767,135,387,13
768,135,502,14
769,135,118,7
770,135,274,14
771,135,446,6
772,135,48,11
773,135,469,9
774,136,324,20
775,136,246,18
776,136,334,13
777,136,499,9
778,136,305,1
779,136,227,20
780,136,112,2
781,136,113,3
782,137,481,19
783,137,500,13
784,137,311,10
785,137,435,13
786,137,6,7
787,137,329,19
788,137,508,2
789,138,495,15
790,138,476,14
791,138,75,17
792,138,388,10
793,138,274,2
794,139,216,11
795,139,88,1
796,139,27,10
797,139,75,17
798,139,164,4
799,140,157,10
800,140,421,10
801,140,68,4
802,141,317,5
803,141,162,4
804,141,482,15
805,141,217,11
806,141,391,20
807,141,47,19
808,141,4,10
809,142,205,8
810,142,211,19
811,142,448,3
812,142,430,16
813,143,95,9
814,143,110,5
815,143,84,4
816,143,579,18
817,143,31,9
818,143,477,19
819,143,495,8
820,143,71,16
821,144,434,17
822,144,99,16
823,144,13,18
824,144,285,7
825,144,141,2
826,144,465,11
827,145,545,3
828,145,224,14
829,145,454,14
830,145,599,13
831,145,208,3
832,145,337,6
833,145,460,8
834,146,74,8
835,146,401,19
836,146,295,7
837,146,513,18
838,146,47,17
839,146,155,5
840,146,110,17
841,146,502,14
842,147,30,11
843,147,523,13
844,147,409,16
845,147,324,5
846,147,272,1
847,148,296,12
848,148,75,18
849,148,483,20
850,148,412,14
851,148,497,2
852,148,362,11
853,148,261,16
854,148,61,5
855,150,573,14
856,150,105,19
857,150,90,6
858,150,452,3
859,150,146,1
860,151,204,14
861,151,44,9
862,151,255,5
863,151,286,4
864,151,174,12
865,151,219,17
866,152,411,19
867,152,283,12
868,152,544,15
869,152,52,20
870,152,82,3
871,152,91,3
872,152,263,7
873,153,368,14
874,153,512,16
875,153,186,18
876,153,317,12
877,153,401,1
878,154,514,11
879,154,72,13
880,154,430,16
881,154,458,15
882,154,9,7
883,154,395,4
884,154,250,12
885,154,415,2
886,155,210,17
887,155,570,12
888,155,221,17
889,155,451,7
890,155,287,19
891,155,142,1
892,156,498,16
893,156,302,7
894,156,344,18
895,156,290,19
896,156,19,11
897,157,447,15
898,157,197,3
899,157,316,15
900,157,545,14
901,157,96,2
902,157,218,14
903,158,304,2
904,158,77,6
905,158,139,17
906,158,403,7
907,158,87,6
908,158,22,5
909,158,10,3
910,158,525,7
911,159,472,4
912,159,346,12
913,159,216,18
914,159,161,11
915,159,302,5
916,160,299,3
917,160,310,14
918,160,178,8
919,160,460,20
920,160,337,5
921,160,219,13
922,160,285,2
923,160,450,6
924,161,157,8
925,161,280,1
926,161,567,2
927,161,581,14
928,162,264,12
929,162,360,19
930,162,216,20
931,162,425,8
932,163,401,1
933,163,547,13
934,163,396,3
935,163,503,1
936,163,167,9
937,163,568,19
938,164,166,11
939,164,72,20
940,164,389,15
941,164,11,9
942,165,236,5
943,165,511,16
944,165,311,16
945,165,42,13
946,165,472,9
947,166,97,11
948,166,19,15
949,166,76,20
950,166,563,10
951,166,465,15
952,166,32,8
953,167,208,12
954,167,501,4
955,167,154,11
956,167,201,20
957,167,325,10
958,167,224,11
959,167,13,5
960,168,282,5
961,168,38,17
962,168,71,13
963,168,289,7
964,168,418,20
965,168,268,19
966,168,431,20
967,168,224,13
968,169,159,12
969,169,88,11
970,169,111,5
971,169,299,6
972,169,463,5
973,169,339,5
974,170,387,1
975,170,282,6
976,170,528,6
977,170,242,7
978,170,187,18
979,171,304,16
980,171,595,2
981,171,563,5
982,171,223,19
983,172,329,8
984,172,454,13
985,172,102,7
986,172,577,14
987,172,23,18
988,172,62,19
989,172,117,14
990,172,128,15
991,173,399,11
992,173,104,13
993,173,96,17
994,174,147,2
995,174,350,8
996,174,439,3
997,174,269,14
998,174,112,10
999,174,204,20
1000,174,102,3
1001,175,1,18
1002,175,534,4
1003,176,344,2
1004,176,14,5
1005,176,354,18
1006,176,113,19
1007,176,152,9
1008,176,208,9
1009,177,427,9
1010,177,48,5
1011,177,375,5
1012,177,179,6
1013,177,407,3
1014,177,325,8
1015,177,468,12
1016,177,90,8
1017,178,204,15
1018,178,402,8
1019,178,312,1
1020,178,495,12
1021,178,10,1
1022,179,37,12
1023,179,588,20
1024,179,290,8
1025,179,490,10
1026,179,424,16
1027,179,140,19
1028,179,594,2
1029,179,104,17
1030,180,596,1
1031,180,129,17
1032,180,97,15
1033,180,359,8
1034,180,54,1
1035,180,489,1
1036,180,59,13
1037,181,185,4
1038,181,552,7
1039,182,150,18
1040,182,467,6
1041,182,492,10
1042,182,79,3
1043,182,157,2
1044,182,1,16
1045,182,167,4
1046,183,286,15
1047,183,356,10
1048,183,432,17
1049,183,328,20
1050,183,522,9
1051,184,505,1
1052,184,396,12
1053,184,110,11
1054,184,288,4
1055,184,6,13
1056,185,122,3
1057,185,429,13
1058,185,127,3
1059,185,258,11
1060,185,224,16
1061,185,566,13
1062,185,112,13
1063,185,363,6
1064,186,367,3
1065,186,495,4
1066,186,50,16
1067,186,487,15
1068,186,334,17
1069,186,527,20
1070,186,54,13
1071,186,26,20
1072,187,297,12
1073,187,525,3
1074,188,422,4
1075,188,98,7
1076,188,414,7
1077,188,0,18
1078,188,267,5
1079,188,92,18
1080,189,118,13
1081,189,295,5
1082,189,401,10
1083,189,482,2
1084,189,17,14
1085,189,492,13
1086,189,308,13
1087,190,343,13
1088,190,586,9
1089,190,158,9
1090,190,379,2
1091,190,54,10
1092,190,421,2
1093,190,335,16
1094,191,350,15
1095,191,73,11
1096,191,243,11
1097,191,136,15
1098,191,162,16
1099,191,519,5
1100,192,564,3
1101,192,458,16
1102,192,80,13
1103,193,99,7
1104,193,45,11
1105,193,572,12
1106,193,381,19
1107,193,104,12
1108,193,27,13
1109,194,331,11
1110,194,158,2
1111,194,168,13
1112,194,568,19
1113,195,542,3
1114,195,108,6
1115,195,86,20
1116,195,480,16
1117,195,60,5
1118,195,103,2
1119,195,450,13
1120,196,269,2
1121,196,514,15
1122,196,172,14
1123,196,562,6
1124,196,169,8
1125,197,273,3
1126,197,28,17
1127,197,118,16
1128,197,456,8
1129,197,35,17
1130,198,421,17
1131,198,251,17
1132,198,40,18
1133,198,316,14
1134,198,92,3
1135,198,54,16
1136,198,227,7
1137,199,153,5
1138,199,163,8
1139,199,416,1
1140,199,311,4
1141,199,152,14
1142,199,168,7
1143,200,114,10
1144,200,441,19
1145,200,454,1
1146,200,320,14
1147,201,193,11
1148,201,559,8
1149,201,370,5
1150,201,116,18
1151,201,520,20
1152,201,558,6
1153,201,95,19
1154,202,454,6
1155,202,128,8
1156,202,575,10
1157,202,497,3
1158,202,441,8
1159,202,137,18
1160,203,465,5
1161,203,180,1
1162,203,133,12
1163,203,430,11
1164,203,585,13
1165,203,24,13
1166,203,127,11
1167,203,193,10
1168,204,288,5
1169,204,43,5
1170,205,301,4
1171,205,562,14
1172,205,450,1
1173,205,132,12
1174,205,468,18
1175,205,346,14
1176,206,446,18
1177,206,409,4
1178,206,247,9
1179,206,467,15
1180,206,249,19
1181,206,64,4
1182,206,128,7
1183,207,596,14
1184,207,517,14
1185,207,251,12
1186,207,2,3
1187,207,243,1
1188,207,587,11
1189,207,549,7
1190,208,211,1
1191,208,593,13
1192,208,156,10
1193,208,114,8
1194,208,434,9
1195,208,166,13
1196,209,78,9
1197,209,274,1
1198,209,457,18
1199,209,554,18
1200,209,545,20
1201,210,484,13
1202,210,184,11
1203,210,308,19
1204,210,546,12
1205,210,321,3
1206,211,521,16
1207,211,524,8
1208,211,243,15
1209,211,524,12
1210,211,122,20
1211,212,137,12
1212,212,528,1
1213,212,126,10
1214,212,358,12
1215,212,343,16
1216,212,141,5
1217,213,0,16
1218,213,516,12
1219,213,158,3
1220,213,246,8
1221,213,382,15
1222,214,360,18
1223,214,558,19
1224,214,123,12
1225,214,288,2
1226,214,65,7
1227,215,164,14
1228,215,183,2
1229,215,463,10
1230,215,97,6
1231,215,473,11
1232,215,366,8
1233,216,452,4
1234,216,433,8
1235,216,22,19
1236,216,139,12
1237,216,378,17
1238,216,271,14
1239,217,438,5
1240,217,127,2
1241,217,525,9
1242,217,160,10
1243,217,580,14
1244,217,239,2
1245,218,329,15
1246,218,403,13
1247,218,407,13
1248,218,58,15
1249,218,357,8
1250,218,398,2
1251,218,367,15
1252,219,265,13
1253,219,446,7
1254,219,35,20
1255,219,370,6
1256,219,44,9
1257,220,317,14
1258,220,499,6
1259,220,108,10
1260,220,105,3
1261,220,166,4
1262,221,416,16
1263,221,497,5
1264,221,236,9
1265,221,64,11
1266,221,494,7
1267,221,261,16
1268,221,423,7
1269,222,47,16
1270,222,71,14
1271,222,290,11
1272,222,56,3
1273,222,124,6
1274,222,82,4
1275,222,95,8
1276,223,236,5
1277,223,594,11
1278,223,298,13
1279,223,440,10
1280,223,472,13
1281,223,157,15
1282,223,62,12
1283,223,440,17
1284,224,24,18
1285,224,37,15
1286,225,161,12
1287,225,552,14
1288,225,492,11
1289,225,294,13
1290,225,338,15
1291,225,398,8
1292,225,596,5
1293,226,159,20
1294,226,478,17
1295,226,315,1
1296,226,339,20
1297,226,503,10
1298,226,366,5
1299,226,495,4
1300,226,204,3
1301,227,147,14
1302,227,512,18
1303,227,46,1
1304,227,441,15
1305,227,499,11
1306,227,476,13
1307,227,15,4
1308,228,539,8
1309,228,567,7
1310,229,293,10
1311,229,385,14
1312,229,396,14
1313,229,342,7
1314,229,187,3
1315,230,411,9
1316,230,407,11
1317,230,157,16
1318,230,258,8
1319,230,41,10
1320,230,0,6
1321,230,404,7
1322,230,227,10
1323,231,250,14
1324,231,66,13
1325,231,264,12
1326,231,181,11
1327,231,542,2
1328,231,414,16
1329,231,16,4
1330,231,242,2
1331,232,575,4
1332,232,218,1
1333,232,390,18
1334,232,63,20
1335,232,357,4
1336,232,577,9
1337,232,376,18
1338,233,276,6
1339,233,447,4
1340,233,447,9
1341,233,524,6
1342,233,301,7
1343,234,357,9
1344,234,260,10
1345,234,487,1
1346,234,289,19
1347,234,344,10
1348,234,12,19
1349,234,410,12
1350,235,493,14
1351,235,296,6
1352,235,530,12
1353,235,526,3
1354,235,22,10
1355,236,270,2
1356,236,325,20
1357,236,408,14
1358,236,90,11
1359,236,159,17
1360,237,146,13
1361,237,396,10
1362,238,498,5
1363,238,414,9
1364,238,441,1
1365,238,37,16
1366,238,375,14
1367,239,206,11
1368,239,285,5
1369,239,463,5
1370,239,150,19
1371,239,16,17
1372,239,335,4
1373,239,80,11
1374,239,432,20
1375,240,426,4
1376,240,66,9
1377,240,348,8
1378,240,127,11
1379,240,46,18
1380,240,207,7
1381,241,534,13
1382,241,213,16
1383,241,378,15
1384,241,551,15
1385,241,405,14
1386,241,385,20
1387,241,345,17
1388,241,393,1
1389,242,537,1
1390,242,346,10
1391,242,155,17
1392,242,324,20
1393,242,176,20
1394,243,218,3
1395,243,96,17
1396,243,149,14
1397,243,459,5
1398,243,97,14
1399,243,113,19
1400,243,90,3
1401,244,202,17
1402,244,322,7
1403,244,570,20
1404,244,472,19
1405,244,260,16
1406,244,90,1
1407,244,337,10
1408,245,188,16
1409,245,384,1
1410,245,405,11
1411,245,538,11
1412,246,60,7
1413,246,574,10
1414,246,106,8
1415,246,223,4
1416,246,533,10
1417,246,522,20
1418,246,301,15
1419,247,528,11
1420,247,138,7
1421,248,127,1
1422,248,536,2
1423,248,257,14
1424,248,211,8
1425,248,446,9
1426,248,442,19
1427,248,462,1
1428,249,299,9
1429,249,349,7
1430,249,391,10
1431,249,496,6
1432,249,524,20
1433,250,282,1
1434,250,195,18
1435,250,113,11
1436,250,32,4
1437,250,573,1
1438,251,37,18
1439,251,287,12
1440,251,193,10
1441,251,57,8
1442,251,12,20
1443,251,585,3
1444,251,38,7
1445,251,568,11
1446,252,449,12
1447,252,261,2
1448,252,177,6
1449,252,327,8
1450,252,357,8
1451,252,387,20
1452,252,405,5
1453,253,271,6
1454,253,362,13
1455,253,537,9
1456,253,230,5
1457,253,404,18
1458,253,368,6
1459,254,2,1
1460,254,86,3
1461,254,432,8
1462,254,34,16
1463,254,357,15
1464,254,545,15
1465,254,352,18
1466,254,508,1
1467,255,62,11
1468,255,411,9
1469,255,225,8
1470,255,218,7
1471,256,119,9
1472,256,199,7
1473,256,115,20
1474,256,288,10
1475,256,380,8
1476,256,300,6
1477,256,208,20
1478,257,152,6
1479,257,567,8
1480,257,198,9
1481,257,123,3
1482,258,253,10
1483,258,241,20
1484,258,31,4
1485,258,571,12
1486,258,229,17
1487,258,110,5
1488,259,487,11
1489,259,547,3
1490,259,349,3
1491,260,378,20
1492,260,552,17
1493,260,470,11
1494,260,458,10
1495,260,414,15
1496,260,523,5
1497,260,329,12
1498,261,468,20
1499,261,274,12
1500,261,433,19
1501,261,347,10
1502,261,369,20
1503,261,354,1
1504,261,495,20
1505,262,170,6
1506,262,182,12
1507,262,565,20
1508,262,200,9
1509,262,197,18
1510,262,105,13
1511,262,334,10
1512,263,59,1
1513,263,79,8
1514,263,562,14
1515,263,374,7
1516,263,522,16
1517,264,400,4
1518,264,592,12
1519,264,527,19
1520,264,401,15
1521,264,246,19
1522,264,150,11
1523,264,466,4
1524,265,354,6
1525,265,260,8
1526,265,143,19
1527,265,28,1
1528,265,408,8
1529,265,457,6
1530,266,383,2
1531,266,590,6
1532,266,119,17
1533,266,377,8
1534,266,561,9
1535,267,158,1
1536,267,262,16
1537,267,561,18
1538,267,40,6
1539,267,93,17
1540,268,489,16
1541,268,54,3
1542,268,575,1
1543,269,119,13
1544,269,317,18
1545,269,62,16
1546,269,114,3
1547,269,23,1
1548,269,244,8
1549,269,57,17
1550,269,320,20
1551,270,75,18
1552,270,532,20
1553,270,181,11
1554,270,333,6
1555,270,560,4
1556,270,175,20
1557,270,412,11
1558,270,403,18
1559,271,117,6
1560,271,300,10
1561,271,254,17
1562,271,324,7
1563,271,233,4
1564,272,405,6
1565,272,137,17
1566,272,209,14
1567,272,584,20
1568,272,298,7
1569,272,109,11
1570,272,185,9
1571,272,286,4
1572,273,558,3
1573,273,385,9
1574,273,30,13
1575,273,543,17
1576,273,292,10
1577,273,351,3
1578,273,179,14
1579,274,236,14
1580,274,38,10
1581,274,385,15
1582,274,124,11
1583,274,212,3
1584,274,317,18
1585,274,269,15
1586,275,202,2
1587,275,260,7
1588,275,68,5
1589,275,218,4
1590,275,77,13
1591,275,118,9
1592,275,513,18
1593,275,278,13
1594,276,196,17
1595,276,457,4
1596,276,532,5
1597,276,63,13
1598,276,375,15
1599,276,145,11
1600,277,545,5
1601,277,171,10
1602,277,239,13
1603,277,480,9
1604,277,249,2
1605,279,319,15
1606,280,115,7
1607,280,449,16
1608,280,178,11
1609,280,349,1
1610,280,448,7
1611,280,550,1
1612,281,575,4
1613,281,503,18
1614,281,389,20
1615,281,134,4
1616,281,160,9
1617,281,387,6
1618,281,346,10
1619,282,44,19
1620,282,5,3
1621,282,147,3
1622,282,453,11
1623,282,7,6
1624,282,313,1
1625,283,330,17
1626,283,117,1
1627,283,393,17
1628,283,416,19
1629,283,542,20
1630,284,81,5
1631,284,195,5
1632,284,42,11
1633,284,519,11
1634,284,587,17
1635,284,40,8
1636,284,445,16
1637,284,38,13
1638,285,427,10
1639,285,520,20
1640,285,581,16
1641,285,286,17
1642,285,258,5
1643,286,416,12
1644,286,469,11
1645,286,408,18
1646,286,2,6
1647,286,45,12
1648,286,160,18
1649,287,365,9
1650,287,273,12
1651,287,281,14
1652,287,23,6
1653,287,153,17
1654,288,172,20
1655,288,148,6
1656,288,166,6
1657,288,135,6
1658,288,10,13
1659,288,566,14
1660,288,278,16
1661,288,24,10
1662,289,228,10
1663,289,523,3
1664,289,189,8
1665,289,257,1
1666,290,536,18
1667,290,228,9
1668,290,391,10
1669,290,233,11
1670,290,507,18
1671,291,380,5
1672,291,366,10
1673,291,515,8
1674,292,355,16
1675,292,376,13
1676,292,368,18
1677,292,479,15
1678,292,134,3
1679,292,209,8
1680,292,63,20
1681,292,270,8
1682,293,466,20
1683,293,207,17
1684,293,506,16
1685,293,563,13
1686,293,140,8
1687,293,434,20
1688,293,378,13
1689,294,269,20
1690,294,289,13
1691,294,273,20
1692,294,499,11
1693,295,347,3
1694,295,342,7
1695,295,152,15
1696,295,447,4
1697,295,87,13
1698,295,372,3
1699,296,222,7
1700,296,305,4
1701,296,533,9
1702,296,593,2
1703,296,7,14
1704,297,515,7
1705,297,315,13
1706,297,456,17
1707,297,492,10
1708,297,454,19
1709,297,353,18
1710,297,146,14
1711,298,581,14
1712,298,416,4
1713,298,48,18
1714,298,485,19
1715,298,344,1
1716,298,195,15
1717,299,78,11
1718,299,585,15
1719,299,286,12
1720,299,395,10
1721,299,190,10
1722,299,358,4
1723,299,210,16
1724,299,578,2
1725,300,514,20
1726,300,255,4
1727,300,299,20
1728,300,355,20
1729,300,120,6
1730,300,87,5
1731,300,498,4
1732,300,200,10
1733,301,21,12
1734,301,490,4
1735,301,559,15
1736,301,394,13
1737,301,62,9
1738,301,550,20
1739,301,462,5
1740,302,48,8
1741,302,587,13
1742,302,531,19
1743,303,55,2
1744,303,175,4
1745,303,410,20
1746,303,458,9
1747,303,95,16
1748,303,391,16
1749,304,447,11
1750,305,568,12
1751,305,373,7
1752,306,389,6
1753,306,174,13
1754,306,263,11
1755,306,579,20
1756,306,500,15
1757,306,36,20
1758,306,289,1
1759,307,308,7
1760,307,172,6
1761,307,440,18
1762,307,351,7
1763,307,156,18
1764,308,409,19
1765,308,169,18
1766,308,391,11
1767,308,238,12
1768,308,512,7
1769,308,65,20
1770,308,293,20
1771,309,71,11
1772,309,226,10
1773,309,433,14
1774,309,171,13
1775,309,91,19
1776,309,203,14
1777,309,299,2
1778,310,29,13
1779,310,97,7
1780,310,394,3
1781,310,170,13
1782,310,423,13
1783,310,235,5
1784,311,505,15
1785,311,149,1
1786,311,577,6
1787,311,166,17
1788,311,428,19
1789,311,293,19
1790,312,261,7
1791,312,403,19
1792,312,71,13
1793,312,393,15
1794,312,431,6
1795,312,223,19
1796,313,533,13
1797,313,585,1
1798,313,566,19
1799,313,341,11
1800,314,370,2
1801,314,10,18
1802,314,82,1
1803,314,473,20
1804,314,256,13
1805,314,560,16
1806,315,81,2
1807,315,128,13
1808,315,588,14
1809,315,167,7
1810,315,497,4
1811,315,308,2
1812,315,136,4
1813,316,527,5
1814,316,518,1
1815,316,123,17
1816,316,530,16
1817,316,81,9
1818,316,593,3
1819,316,584,15
1820,317,46,14
1821,317,359,17
1822,317,219,16
1823,317,333,17
1824,317,385,2
1825,318,32,9
1826,318,369,10
1827,318,52,13
1828,318,429,18
1829,318,517,4
1830,318,517,20
1831,319,324,5
1832,319,118,9
1833,319,264,18
1834,319,24,1
1835,319,340,12
1836,319,495,13
1837,319,241,11
1838,319,84,17
1839,320,122,5
1840,320,184,18
1841,320,387,12
1842,320,598,5
1843,320,281,8
1844,320,436,10
1845,321,584,16
1846,321,488,20
1847,321,153,15
1848,321,80,6
1849,321,72,10
1850,322,526,1
1851,322,195,2
1852,322,347,7
1853,322,530,6
1854,322,509,2
1855,323,226,11
1856,323,326,15
1857,323,325,5
1858,323,281,6
1859,323,279,17
1860,323,532,10
1861,324,304,3
1862,324,36,2
1863,324,263,20
1864,324,47,16
1865,325,83,13
1866,325,562,17
1867,325,432,11
1868,325,266,9
1869,325,450,7
1870,326,545,14
1871,326,341,14
1872,326,68,4
1873,326,492,8
1874,327,199,4
1875,327,221,7
1876,327,145,10
1877,327,34,16
1878,327,563,2
1879,328,446,19
1880,328,392,7
1881,328,123,8
1882,328,456,2
1883,328,555,6
1884,329,593,15
1885,329,496,2
1886,329,474,19
1887,329,201,20
1888,329,475,14
1889,329,12,15
1890,329,52,10
1891,330,220,12
1892,330,36,15
1893,330,177,2
1894,330,356,13
1895,330,275,11
1896,330,2,15
1897,330,86,10
1898,331,270,19
1899,331,12,1
1900,331,367,10
1901,331,300,5
1902,331,344,9
1903,331,414,16
1904,332,80,7
1905,332,302,5
1906,332,219,11
1907,332,595,14
1908,332,157,20
1909,333,229,15
1910,333,394,11
1911,333,581,18
1912,333,485,2
1913,333,353,14
1914,333,335,6
1915,334,221,14
1916,334,527,14
1917,334,247,10
1918,334,586,12
1919,334,234,17
1920,334,147,2
1921,335,483,3
1922,335,314,15
1923,335,72,12
1924,335,507,11
1925,335,441,10
1926,335,153,1
1927,336,366,11
1928,336,305,11
1929,336,518,14
1930,336,567,19
1931,336,205,5
1932,336,138,8
1933,336,187,15
1934,337,546,14
1935,337,32,20
1936,337,88,11
1937,337,564,9
1938,337,65,11
1939,337,431,16
1940,337,235,16
1941,337,391,20
1942,338,355,12
1943,338,454,16
1944,338,329,3
1945,338,248,9
1946,338,5,2
1947,338,594,8
1948,338,278,16
1949,339,522,20
1950,339,13,2
1951,339,536,13
1952,339,435,8
1953,339,389,12
1954,339,419,20
1955,340,71,6
1956,340,99,12
1957,340,157,1
1958,342,486,18
1959,342,255,15
1960,342,296,7
1961,342,506,13
1962,342,60,12
1963,343,221,9
1964,343,312,15
1965,343,504,3
1966,343,522,9
1967,343,418,18
1968,343,330,9
1969,343,297,16
1970,344,27,15
1971,344,401,11
1972,344,444,14
1973,344,520,11
1974,344,500,15
1975,344,521,4
1976,345,21,3
1977,345,438,12
1978,345,513,6
1979,345,60,6
1980,345,324,13
1981,345,222,14
1982,346,278,11
1983,346,68,5
1984,346,300,2
1985,346,196,15
1986,346,122,15
1987,346,244,14
1988,347,577,16
1989,347,256,17
1990,347,93,13
1991,347,256,12
1992,348,519,3
1993,348,168,10
1994,348,103,19
1995,348,123,3
1996,348,55,11
1997,349,489,16
1998,349,348,2
1999,349,419,8
2000,349,281,20
2001,349,44,3
2002,350,446,4
2003,350,54,1
2004,350,237,5
2005,350,266,1
2006,351,531,9
2007,351,267,10
2008,351,49,16
2009,351,296,1
2010,351,500,17
2011,351,311,10
2012,352,191,20
2013,352,516,3
2014,352,589,5
2015,352,445,16
2016,352,105,7
2017,353,190,15
2018,353,474,17
2019,353,318,15
2020,353,106,3
2021,353,358,17
2022,353,307,12
2023,353,224,1
2024,353,382,19
2025,354,171,18
2026,354,148,16
2027,354,236,17
2028,354,575,19
2029,354,474,6
2030,355,104,5
2031,355,236,5
2032,355,53,12
2033,356,433,10
2034,356,241,5
2035,356,80,15
2036,356,559,18
2037,356,252,4
2038,356,290,18
2039,357,583,14
2040,357,188,1
2041,357,530,6
2042,357,225,8
2043,357,261,14
2044,357,89,11
2045,357,330,3
2046,357,518,10
2047,358,588,18
2048,358,597,15
2049,358,503,6
2050,358,335,16
2051,358,261,15
2052,358,147,7
2053,358,70,13
2054,358,443,16
2055,359,145,14
2056,359,589,8
2057,359,364,17
2058,359,518,13
2059,359,490,17
2060,359,121,4
2061,359,42,17
2062,360,24,10
2063,360,80,6
2064,360,218,17
2065,360,113,13
2066,360,70,8
2067,361,246,1
2068,361,77,1
2069,361,123,14
2070,361,110,10
2071,361,465,17
2072,362,316,3
2073,362,121,3
2074,362,159,2
2075,362,564,11
2076,362,503,8
2077,363,438,18
2078,363,284,4
2079,363,539,20
2080,363,131,19
2081,363,283,1
2082,364,538,8
2083,364,282,9
2084,364,424,18
2085,364,546,13
2086,364,507,5
2087,364,397,8
2088,364,534,17
2089,364,587,14
2090,365,150,17
2091,365,211,20
2092,365,203,18
2093,365,3,1
2094,365,320,9
2095,365,393,1
2096,365,274,12
2097,365,211,7
2098,366,134,9
2099,366,326,7
2100,366,57,14
2101,366,287,13
2102,366,200,1
2103,366,35,15
2104,366,198,16
2105,367,176,17
2106,367,266,11
2107,367,532,2
2108,367,160,15
2109,367,415,5
2110,368,400,14
2111,368,287,9
2112,368,568,6
2113,368,223,7
2114,368,249,20
2115,368,162,16
2116,368,569,1
2117,369,590,9
2118,369,469,3
2119,369,325,18
2120,369,203,3
2121,369,24,18
2122,369,432,2
2123,369,422,2
2124,369,452,13
2125,370,342,19
2126,370,478,10
2127,370,138,2
2128,370,132,8
2129,370,438,1
2130,370,559,13
2131,370,264,13
2132,371,494,12
2133,371,338,19
2134,371,89,8
2135,371,35,3
2136,372,426,3
2137,372,22,8
2138,372,489,8
2139,372,495,17
2140,372,443,14
2141,373,599,2
2142,373,116,15
2143,373,354,1
2144,373,126,12
2145,373,486,14
2146,374,225,13
2147,374,103,13
2148,374,161,4
2149,374,125,2
2150,374,462,7
2151,374,484,20
2152,374,113,4
2153,374,86,1
2154,375,520,20
2155,375,539,15
2156,375,561,12
2157,375,292,6
2158,375,529,17
2159,376,208,15
2160,376,362,6
2161,376,529,6
2162,376,258,7
2163,376,97,15
2164,377,324,1
2165,377,84,11
2166,377,212,9
2167,377,143,9
2168,377,413,8
2169,378,406,20
2170,378,578,13
2171,378,117,17
2172,378,152,7
2173,378,365,19
2174,378,34,5
2175,378,508,1
2176,379,494,5
2177,379,465,15
2178,379,13,6
2179,379,22,13
2180,379,436,7
2181,379,146,3
2182,379,352,15
2183,379,194,11
2184,380,328,14
2185,380,431,6
2186,380,144,12
2187,380,115,11
2188,380,183,12
2189,380,31,13
2190,380,257,11
2191,381,84,18
2192,381,506,12
2193,381,137,15
2194,381,356,12
2195,381,301,5
2196,382,192,7
2197,382,596,2
2198,382,431,9
2199,382,194,6
2200,382,592,3
2201,382,17,4
2202,383,85,5
2203,383,75,1
2204,383,230,19
2205,383,55,3
2206,383,570,3
2207,383,328,17
2208,383,320,2
2209,384,352,13
2210,384,181,16
2211,384,28,6
2212,384,352,13
2213,384,551,7
2214,385,404,4
2215,385,441,7
2216,385,35,8
2217,385,211,18
2218,385,566,14
2219,385,30,18
2220,385,433,5
2221,386,417,6
2222,386,523,6
2223,386,500,7
2224,386,201,4
2225,386,391,12
2226,386,553,12
2227,386,596,3
2228,386,10,3
2229,387,47,14
2230,387,363,17
2231,387,473,5
2232,387,282,5
2233,387,324,9
2234,387,46,1
2235,387,17,3
2236,388,438,14
2237,388,411,18
2238,388,547,13
2239,388,200,12
2240,388,41,18
2241,388,257,13
2242,388,169,6
2243,389,430,9
2244,389,248,3
2245,389,68,16
2246,389,503,19
2247,389,440,6
2248,389,75,7
2249,389,193,13
2250,390,384,17
2251,390,111,20
2252,390,149,15
2253,390,507,13
2254,390,149,19
2255,390,59,1
2256,391,12,9
2257,391,464,4
2258,391,488,14
2259,391,103,20
2260,391,263,12
2261,391,375,13
2262,392,493,7
2263,392,335,18
2264,392,34,1
2265,392,85,6
2266,392,257,13
2267,392,143,6
2268,392,442,20
2269,393,399,8
2270,393,591,6
2271,393,398,18
2272,393,76,13
2273,393,122,15
2274,393,181,5
2275,393,201,18
2276,394,174,1
2277,394,275,5
2278,394,561,18
2279,394,483,15
2280,394,510,6
2281,395,245,14
2282,395,445,5
2283,395,542,4
2284,395,519,14
2285,396,517,4
2286,396,378,2
2287,396,416,8
2288,396,23,8
2289,396,573,8
2290,396,260,15
2291,396,148,2
2292,397,427,3
2293,397,290,17
2294,397,530,9
2295,397,109,10
2296,397,518,12
2297,398,263,20
2298,398,406,19
2299,398,193,9
2300,398,556,16
2301,398,412,2
2302,398,15,4
2303,398,182,3
2304,399,182,20
2305,399,529,11
2306,399,108,20
2307,399,277,13
2308,399,319,11
2309,400,129,19
2310,400,80,7
2311,400,110,15
2312,400,12,5
2313,400,75,6
2314,400,24,15
2315,400,118,8
2316,401,520,1
2317,401,554,12
2318,401,265,20
2319,401,594,1
2320,401,582,11
2321,402,37,20
2322,402,388,10
2323,402,104,7
2324,402,5,1
2325,402,152,8
2326,402,521,17
2327,403,529,4
2328,403,3,4
2329,403,517,3
2330,403,277,10
2331,404,589,6
2332,404,596,12
2333,404,366,2
2334,404,289,2
2335,404,264,16
2336,405,126,6
2337,405,178,20
2338,405,482,4
2339,405,421,14
2340,405,150,1
2341,405,237,4
2342,406,134,12
2343,406,366,4
2344,406,318,20
2345,406,265,9
2346,406,23,3
2347,407,146,2
2348,407,336,17
2349,407,46,10
2350,407,598,7
2351,407,212,7
2352,407,90,4
2353,407,578,20
2354,407,461,15
2355,408,498,8
2356,408,547,4
2357,408,284,5
2358,408,176,9
2359,408,189,9
2360,408,497,11
2361,408,540,18
2362,409,224,16
2363,409,324,7
2364,409,174,6
2365,409,261,2
2366,410,111,8
2367,410,250,5
2368,410,402,15
2369,410,273,14
2370,410,132,8
2371,411,337,9
2372,411,271,6
2373,411,112,10
2374,411,328,11
2375,411,588,1
2376,411,445,7
2377,411,257,18
2378,412,17,8
2379,412,187,8
2380,412,72,6
2381,413,554,5
2382,413,257,9
2383,413,371,3
2384,413,282,15
2385,413,348,7
2386,413,318,16
2387,413,528,2
2388,413,178,8
2389,414,315,12
2390,414,534,11
2391,414,368,20
2392,414,363,17
2393,414,597,15
2394,414,223,5
2395,414,497,2
2396,415,54,6
2397,415,438,17
2398,415,571,6
2399,415,318,13
2400,415,82,15
2401,415,113,3
2402,415,243,1
2403,415,234,5
2404,416,135,15
2405,416,305,11
2406,416,199,10
2407,416,295,7
2408,416,20,7
2409,417,267,2
2410,417,90,11
2411,417,251,12
2412,417,266,12
2413,417,239,1
2414,417,559,8
2415,417,439,16
2416,418,233,14
2417,418,452,13
2418,418,430,2
2419,418,540,11
2420,418,124,3
2421,418,101,10
2422,418,496,9
2423,419,361,14
2424,419,310,8
2425,419,301,19
2426,419,566,2
2427,419,317,9
2428,419,252,6
2429,420,244,19
2430,420,68,8
2431,421,219,20
2432,421,413,3
2433,421,93,5
2434,421,226,11
2435,421,154,8
2436,421,380,16
2437,421,464,9
2438,422,368,3
2439,422,539,9
2440,422,216,11
2441,423,277,1
2442,423,590,19
2443,423,219,15
2444,423,468,18
2445,423,588,2
2446,423,390,13
2447,423,330,15
2448,424,148,3
2449,424,60,16
2450,424,148,8
2451,424,2,20
2452,424,402,15
2453,424,524,1
2454,425,317,9
2455,425,354,13
2456,425,390,6
2457,425,231,5
2458,425,472,7
2459,425,102,13
2460,425,487,8
2461,425,411,12
2462,426,481,18
2463,426,530,19
2464,426,518,18
2465,426,557,17
2466,427,459,13
2467,427,120,12
2468,427,405,5
2469,427,167,7
2470,427,554,16
2471,427,136,16
2472,428,416,16
2473,428,372,14
2474,428,408,9
2475,428,64,17
2476,428,97,13
2477,428,311,12
2478,428,147,5
2479,429,2,6
2480,429,28,13
2481,429,583,6
2482,429,173,19
2483,429,85,13
2484,429,108,13
2485,429,572,11
2486,430,421,1
2487,430,232,20
2488,430,204,10
2489,431,579,15
2490,431,541,15
2491,431,46,18
2492,431,93,17
2493,431,399,4
2494,431,331,4
2495,432,335,17
2496,432,260,20
2497,432,537,6
2498,432,90,11
2499,432,260,15
2500,432,210,9
2501,432,318,6
2502,433,549,7
2503,433,546,19
2504,433,32,13
2505,433,586,2
2506,433,23,8
2507,434,168,14
2508,434,292,5
2509,434,408,7
2510,434,387,18
2511,434,29,8
2512,435,159,17
2513,435,182,19
2514,435,57,2
2515,435,587,17
2516,435,414,17
2517,436,175,19
2518,436,243,16
2519,436,230,9
2520,436,451,4
2521,436,455,6
2522,437,487,6
2523,437,218,8
2524,437,109,1
2525,437,97,8
2526,437,104,6
2527,438,30,2
2528,438,490,10
2529,438,306,17
2530,438,505,6
2531,438,187,3
2532,438,100,17
2533,439,376,16
2534,439,251,11
2535,439,413,19
2536,439,377,6
2537,439,534,4
2538,439,376,9
2539,439,465,14
2540,439,182,14
2541,440,534,20
2542,440,201,18
2543,440,316,2
2544,440,341,9
2545,440,402,13
2546,441,18,2
2547,441,107,14
2548,441,316,15
2549,441,163,5
2550,441,577,5
2551,441,57,16
2552,441,233,17
2553,441,411,1
2554,442,118,9
2555,442,3,19
2556,442,283,16
2557,442,187,14
2558,443,114,4
2559,443,287,15
2560,443,54,19
2561,443,187,6
2562,443,77,6
2563,443,61,9
2564,443,32,1
2565,444,107,11
2566,444,490,11
2567,445,387,18
2568,445,204,7
2569,445,434,18
2570,445,361,19
2571,445,51,1
2572,445,464,12
2573,445,395,13
2574,446,199,20
2575,446,331,18
2576,446,103,15
2577,446,538,18
2578,446,531,10
2579,447,194,19
2580,447,53,10
2581,447,90,17
2582,447,510,14
2583,448,223,1
2584,448,441,20
2585,448,69,13
2586,448,223,16
2587,448,193,14
2588,448,117,6
2589,449,236,8
2590,449,103,2
2591,449,265,3
2592,449,398,3
2593,449,191,12
2594,449,337,2
2595,449,16,5
2596,449,134,9
2597,450,458,17
2598,450,480,13
2599,450,507,11
2600,450,167,4
2601,450,495,17
2602,450,553,3
2603,450,143,18
2604,450,388,18
2605,451,77,20
2606,451,591,15
2607,451,545,16
2608,451,203,10
2609,451,109,6
2610,452,584,12
2611,452,217,11
2612,452,523,11
2613,452,333,3
2614,452,124,10
2615,453,367,17
2616,453,270,13
2617,453,300,14
2618,453,24,2
2619,453,345,15
2620,454,37,14
2621,454,261,17
2622,454,376,16
2623,454,221,11
2624,454,394,2
2625,454,189,12
2626,454,458,3
2627,455,366,19
2628,455,38,17
2629,455,360,4
2630,455,64,20
2631,455,88,19
2632,456,305,10
2633,456,389,4
2634,456,467,13
2635,456,211,15
2636,456,238,13
2637,457,175,12
2638,457,485,17
2639,457,428,3
2640,457,456,7
2641,457,352,7
2642,457,219,16
2643,457,145,20
2644,458,8,6
2645,459,244,11
2646,459,236,8
2647,459,49,11
2648,459,229,9
2649,459,195,3
2650,460,284,4
2651,460,226,5
2652,460,353,17
2653,460,241,17
2654,460,582,18
2655,460,556,6
2656,460,493,17
2657,461,339,1
2658,461,242,20
2659,461,233,3
2660,461,243,8
2661,461,198,15
2662,461,81,20
2663,462,383,16
2664,462,434,16
2665,462,346,1
2666,462,362,20
2667,462,463,15
2668,463,108,9
2669,463,59,13
2670,463,230,17
2671,463,487,15
2672,463,298,9
2673,463,522,15
2674,463,525,3
2675,463,200,8
2676,464,524,15
2677,464,514,10
2678,464,9,2
2679,464,295,4
2680,464,18,18
2681,464,468,5
2682,464,555,17
2683,465,582,15
2684,465,152,15
2685,465,595,16
2686,465,423,8
2687,466,482,4
2688,466,481,15
2689,466,385,17
2690,466,327,18
2691,466,408,9
2692,466,449,3
2693,467,254,2
2694,467,400,17
2695,467,321,14
2696,467,554,15
2697,467,471,17
2698,467,572,16
2699,468,391,1
2700,468,85,10
2701,468,360,4
2702,468,85,18
2703,468,122,5
2704,468,140,16
2705,468,402,14
2706,469,502,17
2707,469,249,20
2708,469,159,2
2709,469,307,15
2710,469,436,15
2711,469,193,19
2712,470,146,18
2713,470,403,20
2714,470,358,14
2715,470,191,19
2716,470,290,7
2717,470,139,7
2718,470,178,15
2719,471,535,2
2720,471,332,4
2721,471,40,10
2722,471,144,20
2723,471,578,1
2724,472,128,14
2725,472,478,18
2726,472,160,14
2727,472,128,20
2728,472,359,17
2729,472,399,11
2730,472,401,2
2731,472,589,14
2732,473,498,3
2733,473,361,19
2734,473,492,6
2735,473,277,12
2736,473,140,8
2737,474,408,6
2738,474,431,5
2739,474,325,13
2740,474,433,18
2741,474,193,18
2742,474,555,7
2743,474,104,13
2744,474,531,17
2745,475,359,11
2746,475,406,2
2747,475,439,19
2748,475,47,7
2749,475,527,16
2750,475,133,9
2751,475,297,4
2752,476,577,5
2753,476,236,4
2754,476,16,11
2755,477,292,6
2756,477,433,9
2757,477,363,9
2758,478,491,17
2759,478,205,10
2760,478,482,16
2761,478,124,5
2762,478,52,2
2763,480,122,10
2764,480,244,18
2765,480,104,4
2766,481,306,12
2767,481,460,12
2768,481,226,6
2769,481,533,17
2770,481,589,15
2771,482,566,13
2772,482,120,16
2773,482,155,3
2774,482,184,18
2775,482,226,13
2776,482,186,5
2777,483,234,7
2778,483,72,14
2779,483,434,8
2780,483,190,9
2781,483,261,5
2782,483,26,7
2783,484,184,20
2784,484,264,4
2785,484,118,9
2786,484,270,14
2787,484,129,6
2788,485,242,15
2789,485,552,9
2790,485,339,9
2791,485,96,1
2792,485,63,12
2793,485,200,8
2794,486,367,15
2795,486,265,2
2796,486,480,17
2797,486,437,2
2798,486,438,20
2799,486,552,2
2800,486,532,9
2801,487,56,15
2802,487,129,20
2803,487,483,9
2804,487,301,12
2805,487,584,10
2806,488,385,12
2807,488,232,15
2808,488,172,20
2809,488,537,20
2810,488,271,5
2811,488,216,2
2812,489,287,2
2813,489,71,13
2814,489,538,6
2815,489,470,12
2816,490,8,4
2817,490,184,15
2818,490,430,18
2819,490,335,11
2820,490,405,6
2821,490,564,12
2822,490,247,18
2823,490,256,20
2824,491,482,11
2825,491,297,15
2826,491,402,13
2827,491,530,16
2828,491,592,5
2829,491,17,5
2830,491,579,1
2831,491,154,9
2832,493,382,17
2833,493,175,13
2834,493,56,8
2835,493,89,8
2836,493,418,1
2837,493,401,3
2838,494,294,17
2839,494,336,16
2840,494,434,13
2841,494,135,1
2842,494,372,16
2843,494,497,17
2844,494,231,5
2845,495,116,4
2846,495,455,16
2847,495,281,4
2848,495,228,2
2849,495,459,10
2850,495,133,18
2851,495,247,7
2852,495,530,20
2853,496,445,4
2854,496,12,20
2855,496,337,7
2856,496,416,7
2857,496,555,20
2858,496,200,10
2859,497,578,9
2860,497,3,1
2861,497,123,17
2862,497,541,9
2863,498,266,2
2864,498,487,7
2865,498,517,15
2866,498,102,10
2867,498,332,20
2868,498,526,5
2869,498,257,7
2870,499,510,17
2871,499,27,7
2872,500,441,9
2873,500,264,3
2874,500,305,6
2875,500,178,9
2876,500,212,12
2877,501,399,10
2878,501,243,14
2879,501,379,11
2880,502,207,20
2881,502,312,3
2882,502,281,3
2883,502,41,12
2884,502,517,6
2885,502,286,4
2886,502,384,19
2887,503,590,15
2888,503,268,11
2889,503,497,4
2890,503,221,7
2891,503,417,12
2892,503,286,19
2893,503,585,14
2894,505,344,11
2895,505,132,8
2896,505,424,9
2897,505,535,17
2898,505,552,11
2899,505,256,20
2900,506,315,6
2901,506,265,12
2902,506,378,4
2903,506,278,13
2904,506,357,14
2905,506,448,17
2906,507,66,20
2907,507,521,2
2908,507,390,9
2909,507,467,11
2910,507,535,13
2911,507,508,17
2912,508,494,13
2913,508,539,18
2914,508,358,9
2915,508,185,15
2916,508,175,11
2917,508,514,5
2918,508,474,19
2919,508,572,3
2920,509,491,19
2921,509,412,14
2922,509,250,2
2923,509,427,7
2924,509,107,13
2925,509,512,4
2926,510,271,15
2927,510,335,12
2928,510,369,5
2929,510,591,6
2930,510,457,18
2931,510,582,16
2932,510,253,17
2933,511,262,12
2934,511,178,6
2935,511,323,1
2936,511,562,15
2937,511,357,17
2938,511,312,6
2939,511,442,7
2940,512,454,17
2941,512,187,4
2942,512,558,11
2943,512,27,11
2944,512,559,17
2945,513,32,11
2946,513,501,3
2947,513,216,20
2948,513,302,17
2949,513,482,1
2950,513,283,8
2951,514,193,20
2952,514,166,20
2953,514,66,3
2954,514,296,11
2955,514,61,9
2956,515,410,8
2957,515,490,4
2958,515,442,1
2959,515,363,5
2960,515,555,15
2961,515,519,19
2962,515,585,4
2963,515,291,3
2964,516,116,18
2965,516,35,6
2966,516,561,19
2967,516,469,11
2968,516,138,1
2969,516,181,1
2970,516,349,15
2971,517,547,18
2972,517,36,8
2973,517,3,19
2974,517,395,2
2975,517,274,4
2976,517,343,8
2977,518,218,9
2978,518,459,17
2979,518,566,15
2980,518,340,18
2981,518,461,10
2982,518,239,18
2983,518,68,13
2984,518,283,17
2985,519,118,19
2986,519,556,5
2987,519,37,9
2988,519,206,15
2989,519,78,5
2990,520,300,9
2991,520,237,7
2992,520,85,17
2993,520,116,3
2994,520,346,4
2995,520,328,15
2996,520,222,4
2997,521,546,2
2998,521,67,11
2999,521,180,16
3000,521,27,9
3001,521,38,5
3002,521,597,3
3003,521,94,2
3004,522,69,18
3005,522,243,6
3006,522,19,16
3007,522,196,20
3008,522,51,19
3009,523,47,13
3010,523,160,4
3011,523,319,12
3012,523,52,3
3013,523,201,14
3014,523,312,14
3015,524,511,19
3016,524,395,6
3017,524,327,9
3018,524,463,13
3019,524,391,13
3020,524,339,8
3021,525,321,19
3022,525,124,3
3023,526,268,7
3024,526,201,9
3025,526,78,12
3026,526,527,15
3027,526,424,14
3028,526,69,17
3029,526,461,17
3030,527,269,2
3031,527,562,7
3032,527,261,12
3033,527,329,14
3034,527,127,3
3035,527,173,2
3036,528,404,18
3037,528,32,12
3038,528,508,3
3039,528,19,12
3040,529,221,5
3041,529,390,10
3042,529,594,8
3043,529,449,7
3044,529,318,7
3045,529,527,15
3046,530,381,6
3047,530,178,9
3048,530,416,16
3049,530,456,18
3050,530,155,15
3051,530,87,7
3052,530,118,9
3053,530,123,18
3054,531,213,7
3055,531,482,16
3056,531,575,15
3057,531,545,11
3058,531,549,4
3059,531,547,1
3060,531,541,15
3061,532,71,5
3062,533,573,8
3063,533,20,17
3064,533,243,13
3065,533,394,12
3066,533,376,7
3067,533,283,3
3068,534,342,17
3069,534,318,1
3070,534,348,1
3071,534,6,12
3072,535,197,6
3073,535,286,9
3074,535,278,12
3075,535,267,3
3076,535,278,12
3077,536,590,4
3078,537,560,3
3079,537,269,7
3080,537,212,6
3081,537,379,10
3082,537,528,1
3083,537,419,13
3084,537,131,15
3085,538,423,2
3086,538,202,5
3087,538,386,2
3088,538,137,9
3089,538,588,15
3090,539,205,4
3091,539,358,16
3092,539,285,15
3093,539,315,4
3094,539,575,2
3095,540,114,9
3096,540,169,1
3097,540,282,3
3098,540,79,10
3099,540,256,18
3100,540,384,15
3101,541,433,6
3102,541,336,12
3103,541,474,3
3104,541,312,3
3105,541,579,6
3106,541,221,9
3107,542,237,10
3108,542,330,8
3109,542,286,2
3110,542,528,17
3111,543,219,18
3112,543,431,20
3113,543,380,4
3114,543,572,6
3115,543,198,17
3116,545,67,14
3117,545,126,11
3118,545,359,5
3119,545,427,14
3120,545,559,17
3121,545,302,14
3122,546,398,14
3123,546,236,7
3124,546,419,13
3125,546,457,16
3126,546,108,18
3127,547,312,11
3128,547,493,14
3129,547,275,10
3130,547,75,17
3131,547,363,5
3132,547,173,8
3133,547,137,1
3134,547,32,6
3135,548,362,1
3136,548,281,11
3137,548,182,5
3138,548,365,10
3139,548,136,10
3140,548,147,20
3141,548,179,3
3142,548,220,16
3143,549,169,9
3144,549,285,18
3145,549,382,6
3146,549,441,12
3147,549,597,20
3148,549,288,10
3149,549,142,2
3150,550,447,7
3151,550,84,4
3152,550,435,14
3153,550,560,13
3154,550,162,3
3155,551,481,6
3156,551,296,4
3157,551,440,3
3158,551,584,9
3159,551,1,4
3160,551,575,6
3161,551,12,2
3162,552,337,3
3163,552,372,13
3164,552,42,8
3165,552,453,20
3166,552,398,5
3167,552,362,2
3168,552,288,14
3169,553,167,9
3170,553,102,3
3171,553,219,9
3172,553,88,4
3173,553,387,12
3174,553,68,13
3175,554,151,20
3176,554,450,5
3177,554,292,13
3178,554,331,19
3179,554,423,18
3180,554,8,6
3181,554,326,9
3182,554,106,16
3183,555,513,3
3184,555,115,4
3185,555,223,3
3186,555,431,7
3187,555,396,17
3188,555,330,13
3189,555,112,20
3190,555,263,19
3191,556,50,7
3192,556,366,13
3193,556,232,6
3194,556,293,9
3195,557,298,6
3196,557,584,6
3197,557,409,13
3198,557,428,8
3199,557,251,7
3200,557,92,20
3201,557,312,19
3202,558,319,18
3203,558,578,9
3204,558,352,20
3205,558,60,2
3206,558,230,2
3207,558,125,20
3208,558,378,7
3209,559,127,20
3210,559,317,20
3211,560,188,3
3212,560,127,8
3213,560,274,14
3214,560,497,18
3215,560,574,7
3216,560,582,12
3217,560,546,13
3218,560,144,13
3219,561,91,16
3220,561,283,12
3221,561,186,12
3222,561,520,9
3223,561,258,17
3224,561,121,13
3225,561,587,11
3226,561,207,18
3227,562,145,20
3228,562,416,7
3229,562,343,2
3230,562,142,14
3231,562,217,4
3232,562,153,10
3233,563,57,18
3234,563,440,4
3235,563,82,11
3236,563,455,15
3237,564,386,8
3238,564,363,12
3239,564,581,1
3240,564,522,7
3241,564,326,20
3242,564,175,11
3243,564,460,11
3244,565,517,14
3245,565,546,8
3246,565,196,6
3247,565,550,12
3248,565,121,13
3249,565,162,3
3250,565,387,17
3251,565,355,18
3252,566,459,1
3253,566,229,17
3254,566,73,13
3255,566,531,1
3256,567,522,4
3257,567,388,1
3258,567,145,15
3259,568,538,6
3260,568,482,15
3261,568,361,2
3262,568,94,13
3263,568,195,11
3264,568,276,11
3265,568,598,19
3266,568,212,16
3267,569,61,16
3268,569,75,10
3269,569,222,6
3270,569,248,16
3271,569,207,1
3272,569,449,14
3273,569,46,16
3274,570,47,7
3275,570,397,5
3276,570,76,4
3277,570,546,3
3278,570,327,20
3279,571,173,15
3280,571,109,11
3281,571,253,13
3282,571,132,4
3283,571,175,1
3284,571,347,16
3285,572,128,5
3286,572,205,1
3287,572,80,20
3288,572,347,9
3289,573,70,12
3290,573,265,3
3291,573,267,10
3292,573,55,10
3293,574,504,6
3294,574,175,16
3295,574,598,15
3296,574,219,16
3297,576,432,2
3298,576,434,16
3299,576,533,2
3300,576,151,13
3301,576,482,12
3302,576,222,16
3303,577,372,3
3304,577,192,6
3305,577,105,14
3306,577,153,12
3307,577,278,15
3308,577,486,16
3309,578,147,4
3310,578,79,9
3311,578,462,8
3312,578,360,6
3313,578,415,6
3314,578,205,10
3315,579,491,12
3316,579,223,16
3317,579,10,14
3318,579,572,11
3319,579,6,9
3320,580,501,13
3321,580,447,19
3322,580,138,7
3323,580,291,15
3324,580,553,15
3325,580,334,16
3326,580,248,19
3327,581,61,17
3328,581,106,19
3329,581,87,10
3330,581,556,8
3331,581,278,17
3332,581,369,4
3333,581,340,10
3334,582,325,18
3335,582,176,8
3336,582,42,14
3337,582,425,3
3338,582,176,19
3339,582,228,7
3340,583,488,8
3341,583,114,5
3342,583,553,11
3343,583,166,14
3344,583,199,15
3345,583,94,3
3346,583,195,2
3347,584,63,10
3348,584,479,18
3349,584,108,18
3350,584,141,13
3351,584,354,8
3352,584,214,6
3353,584,211,19
3354,585,364,14
3355,585,51,4
3356,585,473,3
3357,585,544,9
3358,585,363,14
3359,585,163,15
3360,585,313,10
3361,586,316,13
3362,586,3,1
3363,586,514,11
3364,586,157,15
3365,586,355,13
3366,587,523,12
3367,587,147,18
3368,587,323,10
3369,587,2,3
3370,587,559,20
3371,587,367,3
3372,587,66,5
3373,588,77,8
3374,588,195,15
3375,588,529,9
3376,588,361,9
3377,588,93,11
3378,589,487,5
3379,589,518,20
3380,589,243,10
3381,589,189,16
3382,589,186,17
3383,589,487,14
3384,590,13,2
3385,590,558,19
3386,590,594,1
3387,590,97,3
3388,590,192,14
3389,590,156,2
3390,590,104,9
3391,591,344,13
3392,591,15,16
3393,591,594,16
3394,591,23,6
3395,591,305,3
3396,591,511,9
3397,592,293,7
3398,592,336,4
3399,592,434,9
3400,592,119,11
3401,592,211,1
3402,592,214,6
3403,593,187,5
3404,593,525,11
3405,593,578,15
3406,593,282,14
3407,593,188,9
3408,593,191,20
3409,594,63,7
3410,594,232,18
3411,594,258,6
3412,594,149,4
3413,594,330,16
3414,594,106,17
3415,595,67,2
3416,595,401,4
3417,595,439,16
3418,595,583,16
3419,595,94,18
3420,596,474,20
3421,596,524,10
3422,596,141,19
3423,596,99,9
3424,596,290,14
3425,596,55,6
3426,596,50,8
3427,596,104,1
3428,597,499,19
3429,597,115,14
3430,597,222,12
3431,597,88,7
3432,597,278,12
3433,597,558,10
3434,597,29,14
3435,598,202,15
3436,598,383,14
3437,598,153,8
3438,598,12,2
3439,598,281,19
3440,598,199,17
3441,599,251,11
3442,599,324,2
3443,599,319,9
3444,599,231,3
